{
  "division": {
    "name": "Warehouse Header",
    "formelements": {
      "title": "CREATE WAREHOUSE",
      "generalDetails": [
        {
          "label": "address",
          "id": "Warehouse Address",
          "isMultiline": true,
          "rows": 6,
          "control": "textbox"
        },
        {
          "label": "Capacity",
          "id": "capacity",
          "control": "select",
          "populateURL": "./Service/PopulateBank.json"
        }
      ]
    },
    "buttons": [
      {
        "id": "Next",
        "label": "Next",
        "control": "button",
        "validationjs": "validatedata",
        "submitURL": "/CreateWarehouse"
      },
      {
        "id": "cancel",
        "label": "Cancel",
        "control": "button",
        "redirect": "/"
      }
    ]
  }
}
