{
  "division": {
    "name": "Farmer Header",
    "formelements": [
      {
        "id": "Farmer Name",
        "label": "name",
        "control": "textbox",
        "validation": "alphanumeric",
        "disabled": true
      }
    ],
    "buttons": [
      {
        "id": "search",
        "label": "search",
        "control": "button",
        "submitURL": "SearchFarmers"
      },
      {
        "id": "onboard",
        "label": "onboard farmer",
        "control": "button",
        "redirect": "/farmer"
      }
    ]
  }
}
