{
  "division": {
    "name": "PO Header",
    "formelements": {
      "title": "CREATE PO TEMPLATE",
      "section": 1,
      "generalDetails": [
        {
          "id": "poId",
          "label": "poid",
          "control": "textbox"
        },

        {
          "id": "date",
          "label": "date",
          "control": "date"
        },
        {
          "id": "Ship Address",
          "label": "Ship Address",          
          "addressFields": [
            {
              "id": "Ship Address",
              "label": "Address",
              "control": "textbox",
              "rows": 3,
              "minRows": 15,
              "field1": "1",
              "validate": "alphanumeric"
            },            
            {
              "id": "shipToCity",
              "label": "city",
              "control": "textbox",
              "field2": "2",
              "validate": "alphanumeric"
            },
            {
              "id": "shipToState",
              "label": "state",
              "control": "textbox",
              "field3": "3",
              "validate": "alphanumeric"
            },
            {
              "id": "shipToPinCode",
              "label": "pin",
              "control": "textbox",
              "field4": "4",
              "validate": "number"
            }
          ]
        },
        {
          "id": "Bill Address",
          "label": "Bill Address",        
          "addressFields": [
            {
              "id": "Bill Address",
              "label": "ToAddress",
              "control": "textbox",
              "rows": 3,
              "minRows": 15,
              "field1": "1",
              "validate": "alphanumeric"
            }, 
            {
              "id": "billToCity",
              "label": "city",
              "control": "textbox",
              "field2": "2",
              "validate": "alphanumeric"
            },
            {
              "id": "billToState",
              "label": "state",
              "control": "textbox",
              "field3": "3",
              "validate": "alphanumeric"
            },
            {
              "id": "billToPinCode",
              "label": "pin",
              "control": "textbox",
              "field4": "4",
              "validate": "number"
            }
          ]
        }
      ]
    },
    "buttons": [
      {
        "id": "create",
        "label": "Create",
        "control": "button",
        "validationjs": "validatedata",

        "submitURL": "CreatePurchaseOrderTemplate"
      },
      {
        "id": "cancel",
        "label": "Cancel",
        "control": "button",
        "redirect": "polist"
      }
    ],
    "edittable": [
      {
        "id": "abx",
        "label": "PO Template Data",
        "dataurl": "/Service/poTableData.json"
      }
    ]
  }
}